TEAM,MATCH_UP,GAME_DATE,W_L,MIN,PTS,FGM,FGA,FGp,PM_3,PA_3,Pp_3,FTM,FTA,FTp,OREB,DREB,REB,AST,TOV,STL,BLK,PF,plus_minus
PHO,PHO vs. CHI,8/14/22,L,40,67,27,59,45.8,3,13,23.1,10,12,83.3,2,33,35,17,21,4,1,13,-15
IND,IND @ WAS,8/14/22,L,40,83,29,51,56.9,8,13,61.5,17,20,85,2,23,25,16,22,5,3,24,-12
CHI,CHI @ PHO,8/14/22,W,40,82,32,71,45.1,11,27,40.7,7,7,100,5,21,26,26,12,8,5,14,15
ATL,ATL @ NYL,8/14/22,L,40,83,27,74,36.5,10,31,32.3,19,22,86.4,13,25,38,20,11,9,1,20,-4
LVA,LVA vs. SEA,8/14/22,W,40,109,39,70,55.7,11,27,40.7,20,24,83.3,5,28,33,26,11,11,3,11,9
WAS,WAS vs. IND,8/14/22,W,40,95,29,60,48.3,7,21,33.3,30,35,85.7,7,17,24,21,12,14,3,16,12
SEA,SEA @ LVA,8/14/22,L,40,100,38,82,46.3,18,40,45,6,7,85.7,13,27,40,22,18,4,1,20,-9
DAL,DAL @ LAS,8/14/22,W,40,116,42,64,65.6,11,22,50,21,27,77.8,7,25,32,33,14,3,3,19,28
NYL,NYL vs. ATL,8/14/22,W,40,87,27,60,45,15,32,46.9,18,22,81.8,4,30,34,23,16,3,4,18,4
LAS,LAS vs. DAL,8/14/22,L,40,88,31,70,44.3,8,24,33.3,18,22,81.8,9,14,23,17,9,8,4,23,-28
MIN,MIN @ CON,8/14/22,L,40,83,32,70,45.7,11,31,35.5,8,10,80,8,24,32,15,13,7,2,17,-7
CON,CON vs. MIN,8/14/22,W,40,90,36,68,52.9,5,14,35.7,13,20,65,8,28,36,24,11,7,4,13,7
WAS,WAS @ IND,8/12/22,W,40,82,31,68,45.6,4,19,21.1,16,19,84.2,11,28,39,26,16,9,5,11,12
ATL,ATL vs. NYL,8/12/22,L,40,70,24,64,37.5,5,19,26.3,17,24,70.8,9,27,36,13,13,5,1,15,-10
PHO,PHO vs. DAL,8/12/22,W,40,86,35,68,51.5,11,22,50,5,6,83.3,6,19,25,25,10,8,2,14,12
IND,IND vs. WAS,8/12/22,L,40,70,26,63,41.3,8,19,42.1,10,12,83.3,4,22,26,17,17,7,5,17,-12
NYL,NYL @ ATL,8/12/22,W,40,80,31,66,47,4,16,25,14,18,77.8,6,31,37,20,11,4,3,17,10
DAL,DAL @ PHO,8/12/22,L,40,74,28,62,45.2,9,21,42.9,9,14,64.3,11,20,31,17,16,4,5,11,-12
SEA,SEA @ MIN,8/12/22,W,40,96,38,72,52.8,12,27,44.4,8,11,72.7,9,30,39,29,11,10,3,19,27
MIN,MIN vs. SEA,8/12/22,L,40,69,23,63,36.5,4,13,30.8,19,21,90.5,7,23,30,16,14,8,2,12,-27
LAS,LAS vs. CON,8/11/22,L,40,69,28,68,41.2,5,18,27.8,8,10,80,7,17,24,16,18,6,2,22,-24
CHI,CHI @ LVA,8/11/22,L,40,78,30,65,46.2,3,21,14.3,15,19,78.9,6,29,35,23,17,6,1,19,-11
LVA,LVA vs. CHI,8/11/22,W,40,89,31,67,46.3,9,21,42.9,18,20,90,5,24,29,17,9,10,4,17,11
CON,CON @ LAS,8/11/22,W,40,93,34,68,50,7,21,33.3,18,24,75,12,30,42,25,19,8,4,16,24
DAL,DAL vs. NYL,8/10/22,L,40,73,23,67,34.3,7,19,36.8,20,25,80,13,20,33,12,10,4,3,14,-18
NYL,NYL @ DAL,8/10/22,W,40,91,34,62,54.8,13,27,48.1,10,11,90.9,5,27,32,21,12,4,5,20,18
MIN,MIN @ PHO,8/10/22,W,40,86,30,65,46.2,6,17,35.3,20,24,83.3,13,25,38,21,13,5,2,13,9
PHO,PHO vs. MIN,8/10/22,L,40,77,28,67,41.8,13,31,41.9,8,8,100,9,18,27,20,13,8,4,21,-9
LAS,LAS vs. CON,8/9/22,L,40,71,27,60,45,6,15,40,11,14,78.6,1,22,23,15,20,13,3,15,-26
CON,CON @ LAS,8/9/22,W,40,97,38,75,50.7,8,19,42.1,13,13,100,11,30,41,21,19,12,2,17,26
CHI,CHI vs. SEA,8/9/22,L,40,100,39,70,55.7,7,23,30.4,15,21,71.4,7,23,30,30,13,5,1,11,-11
LVA,LVA vs. ATL,8/9/22,W,40,97,32,67,47.8,14,27,51.9,19,19,100,6,26,32,22,10,4,2,17,7
SEA,SEA @ CHI,8/9/22,W,40,111,44,75,58.7,11,24,45.8,12,12,100,7,21,28,37,9,7,2,17,11
ATL,ATL @ LVA,8/9/22,L,40,90,33,66,50,9,19,47.4,15,18,83.3,5,24,29,22,10,6,1,15,-7
DAL,DAL vs. NYL,8/8/22,W,40,86,32,66,48.5,8,22,36.4,14,20,70,9,22,31,15,11,8,5,15,9
NYL,NYL @ DAL,8/8/22,L,40,77,27,62,43.5,11,30,36.7,12,12,100,5,23,28,15,14,4,2,17,-9
ATL,ATL @ MIN,8/7/22,L,40,71,25,64,39.1,7,22,31.8,14,20,70,9,23,32,18,11,6,1,14,-10
LVA,LVA @ SEA,8/7/22,W,40,89,35,76,46.1,7,27,25.9,12,14,85.7,11,24,35,24,6,8,2,17,8
CON,CON @ CHI,8/7/22,L,40,91,36,78,46.2,5,13,38.5,14,15,93.3,11,23,34,27,13,7,0,18,-3
WAS,WAS vs. LAS,8/7/22,L,40,76,25,65,38.5,3,15,20,23,27,85.2,13,27,40,15,11,3,7,21,-3
CHI,CHI vs. CON,8/7/22,W,40,94,37,65,56.9,10,26,38.5,10,11,90.9,3,23,26,27,16,9,5,19,3
MIN,MIN vs. ATL,8/7/22,W,40,81,31,66,47,12,26,46.2,7,7,100,6,27,33,26,13,4,5,17,10
SEA,SEA vs. LVA,8/7/22,L,40,81,29,66,43.9,8,23,34.8,15,20,75,12,27,39,21,14,4,5,13,-8
LAS,LAS @ WAS,8/7/22,W,40,79,26,63,41.3,5,13,38.5,22,26,84.6,6,23,29,18,9,4,4,20,3
PHO,PHO vs. NYL,8/6/22,W,40,76,27,72,37.5,8,27,29.6,14,16,87.5,9,31,40,15,15,4,3,18,14
NYL,NYL @ PHO,8/6/22,L,40,62,21,68,30.9,7,32,21.9,13,16,81.3,7,28,35,18,12,8,3,23,-14
IND,IND @ DAL,8/6/22,L,45,91,31,70,44.3,6,18,33.3,23,29,79.3,10,20,30,18,24,9,4,31,-4
DAL,DAL vs. IND,8/6/22,W,45,95,27,65,41.5,7,20,35,34,45,75.6,10,24,34,17,15,10,3,21,4
ATL,ATL vs. LAS,8/5/22,W,40,88,29,62,46.8,6,16,37.5,24,26,92.3,8,24,32,13,16,4,3,20,2
WAS,WAS @ CHI,8/5/22,L,40,83,31,66,47,8,24,33.3,13,19,68.4,8,24,32,21,12,4,2,11,-10
CHI,CHI vs. WAS,8/5/22,W,40,93,36,73,49.3,9,22,40.9,12,13,92.3,7,27,34,27,8,10,6,20,10
LAS,LAS @ ATL,8/5/22,L,40,86,35,73,47.9,3,17,17.6,13,15,86.7,9,22,31,22,11,8,6,17,-2
LVA,LVA @ DAL,8/4/22,L,40,80,31,69,44.9,10,33,30.3,8,8,100,8,24,32,20,9,7,8,13,-2
DAL,DAL vs. LVA,8/4/22,W,40,82,33,70,47.1,6,18,33.3,10,14,71.4,14,23,37,22,8,6,4,12,2
PHO,PHO @ CON,8/4/22,L,40,64,23,69,33.3,9,26,34.6,9,12,75,13,16,29,18,14,7,7,17,-13
CON,CON vs. PHO,8/4/22,W,40,77,26,72,36.1,6,19,31.6,19,25,76,21,33,54,14,21,10,2,17,13
ATL,ATL vs. IND,8/3/22,W,40,91,35,70,50,8,24,33.3,13,17,76.5,8,27,35,27,17,11,7,21,10
NYL,NYL vs. LAS,8/3/22,W,40,64,23,73,31.5,7,28,25,11,14,78.6,10,29,39,17,13,8,3,14,3
SEA,SEA vs. MIN,8/3/22,W,40,89,35,70,50,11,25,44,8,11,72.7,3,30,33,28,11,9,3,13,12
IND,IND @ ATL,8/3/22,L,40,81,28,72,38.9,5,17,29.4,20,27,74.1,13,23,36,15,18,11,3,20,-10
LAS,LAS @ NYL,8/3/22,L,40,61,24,60,40,4,17,23.5,9,9,100,4,30,34,17,16,4,6,19,-3
MIN,MIN @ SEA,8/3/22,L,40,77,32,69,46.4,6,22,27.3,7,9,77.8,5,28,33,25,15,6,3,10,-12
LAS,LAS @ NYL,8/2/22,L,40,73,31,75,41.3,2,16,12.5,9,12,75,9,17,26,17,14,13,1,18,-29
NYL,NYL vs. LAS,8/2/22,W,40,102,37,64,57.8,11,26,42.3,17,19,89.5,10,29,39,25,20,10,2,13,29
CON,CON vs. PHO,8/2/22,W,40,87,34,74,45.9,7,20,35,12,17,70.6,14,30,44,24,11,5,3,16,24
LVA,LVA @ WAS,8/2/22,L,40,73,26,64,40.6,9,26,34.6,12,15,80,3,27,30,14,9,5,4,14,-10
PHO,PHO @ CON,8/2/22,L,40,63,23,64,35.9,6,27,22.2,11,16,68.8,9,24,33,13,18,7,6,19,-24
CHI,CHI vs. DAL,8/2/22,L,40,78,29,61,47.5,6,21,28.6,14,22,63.6,11,22,33,25,16,5,5,20,-6
DAL,DAL @ CHI,8/2/22,W,40,84,30,67,44.8,3,13,23.1,21,25,84,11,23,34,21,9,12,2,20,6
WAS,WAS vs. LVA,8/2/22,W,40,83,31,68,45.6,9,23,39.1,12,16,75,6,32,38,25,10,4,4,14,10
LAS,LAS vs. MIN,7/31/22,L,40,77,30,83,36.1,6,25,24,11,12,91.7,8,21,29,20,7,11,3,16,-7
WAS,WAS vs. SEA,7/31/22,W,40,78,30,67,44.8,6,17,35.3,12,13,92.3,7,27,34,19,10,3,2,16,3
MIN,MIN @ LAS,7/31/22,W,40,84,31,57,54.4,6,11,54.5,16,21,76.2,5,33,38,23,20,7,3,13,7
CON,CON vs. CHI,7/31/22,L,45,92,39,91,42.9,4,15,26.7,10,13,76.9,16,25,41,25,17,11,1,19,-3
NYL,NYL vs. PHO,7/31/22,W,40,89,35,71,49.3,12,26,46.2,7,9,77.8,10,32,42,32,17,5,0,15,20
CHI,CHI @ CON,7/31/22,W,45,95,37,67,55.2,5,14,35.7,16,17,94.1,1,31,32,29,20,10,5,13,3
LVA,LVA @ IND,7/31/22,W,40,94,36,71,50.7,6,17,35.3,16,19,84.2,10,27,37,23,9,9,2,19,25
IND,IND vs. LVA,7/31/22,L,40,69,22,71,31,7,25,28,18,21,85.7,15,24,39,10,15,2,4,18,-25
PHO,PHO @ NYL,7/31/22,L,40,69,24,64,37.5,6,25,24,15,16,93.8,5,21,26,20,13,5,6,14,-20
SEA,SEA @ WAS,7/31/22,L,40,75,26,59,44.1,8,27,29.6,15,18,83.3,2,24,26,22,11,6,2,18,-3
WAS,WAS vs. SEA,7/30/22,L,40,77,28,67,41.8,6,20,30,15,17,88.2,7,30,37,18,16,7,8,17,-5
SEA,SEA @ WAS,7/30/22,W,40,82,29,68,42.6,6,21,28.6,18,21,85.7,8,27,35,21,13,11,2,13,5
DAL,DAL @ ATL,7/30/22,W,40,81,34,71,47.9,7,25,28,6,11,54.5,8,24,32,24,13,17,4,18,13
ATL,ATL vs. DAL,7/30/22,L,40,68,23,61,37.7,7,18,38.9,15,22,68.2,7,25,32,11,19,8,4,13,-13
IND,IND vs. LVA,7/29/22,L,40,72,25,68,36.8,7,28,25,15,17,88.2,9,19,28,20,14,12,1,14,-21
LVA,LVA @ IND,7/29/22,W,40,93,38,72,52.8,9,26,34.6,8,12,66.7,15,26,41,22,19,7,3,16,21
CHI,CHI vs. NYL,7/29/22,W,40,89,30,67,44.8,7,18,38.9,22,27,81.5,8,25,33,22,14,10,2,14,8
NYL,NYL @ CHI,7/29/22,L,40,81,28,65,43.1,7,26,26.9,18,20,90,7,24,31,22,18,8,6,21,-8
LAS,LAS @ PHO,7/28/22,L,40,80,27,67,40.3,3,21,14.3,23,28,82.1,6,25,31,18,18,8,2,21,-10
WAS,WAS @ DAL,7/28/22,W,40,87,31,55,56.4,9,15,60,16,24,66.7,4,22,26,20,18,7,3,19,10
CON,CON vs. SEA,7/28/22,W,40,88,32,66,48.5,8,19,42.1,16,18,88.9,7,24,31,22,17,9,0,14,5
DAL,DAL vs. WAS,7/28/22,L,40,77,28,73,38.4,5,22,22.7,16,27,59.3,17,20,37,14,15,9,3,20,-10
ATL,ATL vs. MIN,7/28/22,L,40,85,27,70,38.6,5,17,29.4,26,29,89.7,6,24,30,13,10,11,3,22,-7
PHO,PHO vs. LAS,7/28/22,W,40,90,32,64,50,9,25,36,17,21,81,4,28,32,21,19,11,5,24,10
MIN,MIN @ ATL,7/28/22,W,40,92,35,63,55.6,8,15,53.3,14,21,66.7,2,36,38,21,16,4,4,25,7
SEA,SEA @ CON,7/28/22,L,40,83,31,64,48.4,9,19,47.4,12,14,85.7,8,20,28,18,16,9,4,18,-5
ATL,ATL @ SEA,7/24/22,L,40,72,29,84,34.5,6,25,24,8,11,72.7,18,28,46,21,11,5,2,19,-10
IND,IND vs. DAL,7/24/22,L,40,86,31,65,47.7,6,17,35.3,18,27,66.7,10,19,29,20,19,6,4,24,-10
MIN,MIN vs. CON,7/24/22,L,40,79,30,70,42.9,6,13,46.2,13,14,92.9,10,18,28,18,17,7,2,19,-7
DAL,DAL @ IND,7/24/22,W,40,96,38,73,52.1,4,21,19,16,21,76.2,9,21,30,24,14,8,6,24,10
SEA,SEA vs. ATL,7/24/22,W,40,82,27,63,42.9,9,30,30,19,21,90.5,5,34,39,20,12,7,8,14,10
CON,CON @ MIN,7/24/22,W,40,86,31,67,46.3,8,20,40,16,20,80,13,27,40,22,20,10,2,15,7
NYL,NYL vs. CHI,7/23/22,W,40,83,31,72,43.1,7,18,38.9,14,15,93.3,11,30,41,22,20,7,3,24,3
LAS,LAS @ LVA,7/23/22,L,40,66,24,59,40.7,2,12,16.7,16,21,76.2,4,28,32,12,15,6,6,19,-18
CHI,CHI @ NYL,7/23/22,L,40,80,27,73,37,3,24,12.5,23,29,79.3,12,24,36,16,11,12,3,17,-3
LVA,LVA vs. LAS,7/23/22,W,40,84,29,70,41.4,10,27,37,16,19,84.2,9,29,38,20,12,9,4,19,18
DAL,DAL @ CHI,7/22/22,L,40,83,35,68,51.5,4,15,26.7,9,9,100,2,28,30,24,15,8,2,19,-6
CHI,CHI vs. DAL,7/22/22,W,40,89,35,69,50.7,7,23,30.4,12,17,70.6,7,23,30,29,11,7,6,12,6
SEA,SEA @ PHO,7/22/22,L,40,78,30,82,36.6,8,28,28.6,10,11,90.9,17,22,39,22,13,7,0,17,-16
PHO,PHO vs. SEA,7/22/22,W,40,94,30,65,46.2,14,31,45.2,20,21,95.2,7,27,34,20,13,7,6,16,16
MIN,MIN vs. CON,7/22/22,L,40,84,34,62,54.8,5,16,31.3,11,13,84.6,7,21,28,24,17,4,3,15,-10
CON,CON @ MIN,7/22/22,W,40,94,37,67,55.2,10,21,47.6,10,13,76.9,4,18,22,27,9,9,2,16,10
ATL,ATL @ LAS,7/21/22,L,40,78,30,66,45.5,9,23,39.1,9,13,69.2,14,22,36,21,21,6,1,21,-7
IND,IND @ LVA,7/21/22,L,40,77,28,67,41.8,9,26,34.6,12,20,60,7,26,33,22,17,10,5,11,-13
LAS,LAS vs. ATL,7/21/22,W,40,85,34,64,53.1,6,11,54.5,11,13,84.6,6,19,25,22,13,12,3,19,7
LVA,LVA vs. IND,7/21/22,W,40,90,37,77,48.1,8,26,30.8,8,13,61.5,9,34,43,23,17,9,1,15,13
NYL,NYL @ WAS,7/21/22,L,40,69,26,62,41.9,8,26,30.8,9,10,90,4,28,32,17,16,7,2,19,-9
WAS,WAS vs. NYL,7/21/22,W,40,78,29,66,43.9,5,21,23.8,15,18,83.3,7,28,35,18,11,8,2,10,9
SEA,SEA @ CHI,7/20/22,L,40,74,29,69,42,7,19,36.8,9,11,81.8,9,19,28,16,14,5,2,15,-4
CHI,CHI vs. SEA,7/20/22,W,40,78,32,66,48.5,5,21,23.8,9,11,81.8,11,27,38,20,16,6,3,11,4
CON,CON vs. NYL,7/19/22,W,40,82,30,61,49.2,5,11,45.5,17,24,70.8,8,31,39,20,14,11,2,9,19
NYL,NYL @ CON,7/19/22,L,40,63,24,66,36.4,9,27,33.3,6,6,100,6,20,26,18,19,7,8,18,-19
LAS,LAS vs. IND,7/19/22,W,40,86,33,66,50,9,25,36,11,16,68.8,8,19,27,20,16,13,2,16,7
LVA,LVA vs. ATL,7/19/22,L,40,76,26,71,36.6,10,35,28.6,14,19,73.7,5,24,29,18,12,12,4,17,-16
ATL,ATL @ LVA,7/19/22,W,40,92,33,64,51.6,15,24,62.5,11,16,68.8,5,35,40,24,17,6,5,16,16
IND,IND @ LAS,7/19/22,L,40,79,29,57,50.9,6,13,46.2,15,18,83.3,8,24,32,19,24,5,1,21,-7
LVA,LVA @ CON,7/17/22,W,40,91,31,74,41.9,9,36,25,20,24,83.3,10,20,30,18,8,10,2,14,8
MIN,MIN @ WAS,7/17/22,L,40,57,22,66,33.3,4,20,20,9,12,75,8,38,46,14,17,4,2,12,-13
CON,CON vs. LVA,7/17/22,L,40,83,31,65,47.7,7,18,38.9,14,16,87.5,10,31,41,19,22,4,1,21,-8
SEA,SEA vs. IND,7/17/22,W,40,81,30,70,42.9,6,25,24,15,18,83.3,12,29,41,26,17,12,3,21,16
IND,IND @ SEA,7/17/22,L,40,65,24,66,36.4,4,24,16.7,13,20,65,11,26,37,14,20,8,2,20,-16
PHO,PHO vs. ATL,7/17/22,L,40,75,26,63,41.3,8,29,27.6,15,20,75,9,19,28,18,14,6,7,16,-10
WAS,WAS vs. MIN,7/17/22,W,40,70,26,69,37.7,7,25,28,11,12,91.7,4,33,37,21,8,13,5,12,13
ATL,ATL @ PHO,7/17/22,W,40,85,34,71,47.9,10,23,43.5,7,14,50,16,27,43,18,15,6,2,19,10
CHI,CHI @ DAL,7/16/22,W,40,89,35,74,47.3,5,23,21.7,14,14,100,10,30,40,25,9,4,5,20,8
DAL,DAL vs. CHI,7/16/22,L,40,81,26,66,39.4,7,16,43.8,22,27,81.5,5,19,24,14,8,2,5,13,-8
CON,CON @ ATL,7/15/22,W,40,93,30,67,44.8,8,21,38.1,25,32,78.1,10,29,39,20,13,13,1,17,25
ATL,ATL vs. CON,7/15/22,L,40,68,26,62,41.9,2,13,15.4,14,19,73.7,4,26,30,20,20,5,2,21,-25
MIN,MIN @ IND,7/15/22,W,40,87,32,72,44.4,5,20,25,18,19,94.7,6,35,41,26,17,5,3,19,10
IND,IND vs. MIN,7/15/22,L,40,77,26,71,36.6,5,22,22.7,20,28,71.4,8,29,37,20,13,8,4,23,-10
LAS,LAS vs. CHI,7/14/22,L,40,68,28,71,39.4,7,17,41.2,5,6,83.3,7,23,30,19,15,11,5,13,-12
PHO,PHO vs. WAS,7/14/22,W,40,80,26,69,37.7,10,26,38.5,18,20,90,6,25,31,16,16,10,5,20,5
DAL,DAL @ MIN,7/14/22,W,40,92,33,69,47.8,7,20,35,19,23,82.6,7,21,28,25,13,7,4,22,5
WAS,WAS @ PHO,7/14/22,L,40,75,22,65,33.8,8,27,29.6,23,26,88.5,11,31,42,15,19,4,2,19,-5
CHI,CHI @ LAS,7/14/22,W,40,80,33,68,48.5,8,19,42.1,6,8,75,8,29,37,22,19,9,6,14,12
MIN,MIN vs. DAL,7/14/22,L,40,87,30,70,42.9,6,15,40,21,26,80.8,14,26,40,13,17,6,1,22,-5
NYL,NYL vs. LVA,7/14/22,L,40,74,22,63,34.9,8,26,30.8,22,25,88,5,25,30,18,12,5,5,15,-34
LVA,LVA @ NYL,7/14/22,W,40,108,38,71,53.5,16,33,48.5,16,21,76.2,6,34,40,32,10,9,3,16,34
CON,CON @ IND,7/13/22,W,40,89,31,67,46.3,6,19,31.6,21,24,87.5,10,28,38,18,17,12,5,20,8
IND,IND vs. CON,7/13/22,L,40,81,30,68,44.1,6,21,28.6,15,19,78.9,7,19,26,21,17,9,1,21,-8
LVA,LVA @ NYL,7/12/22,W,40,107,33,64,51.6,7,21,33.3,34,35,97.1,8,28,36,21,15,8,3,18,6
NYL,NYL vs. LVA,7/12/22,L,40,101,34,76,44.7,15,31,48.4,18,22,81.8,9,18,27,24,12,8,4,25,-6
SEA,SEA vs. DAL,7/12/22,W,40,83,30,63,47.6,7,17,41.2,16,18,88.9,6,28,34,22,15,6,6,18,9
MIN,MIN vs. PHO,7/12/22,W,50,118,41,86,47.7,11,27,40.7,25,35,71.4,19,36,55,27,22,5,1,21,11
DAL,DAL @ SEA,7/12/22,L,40,74,27,72,37.5,7,23,30.4,13,18,72.2,11,24,35,17,13,10,4,19,-9
WAS,WAS @ LAS,7/12/22,W,40,94,33,65,50.8,10,22,45.5,18,21,85.7,9,26,35,24,13,10,2,18,13
CHI,CHI vs. ATL,7/12/22,W,40,90,35,66,53,5,14,35.7,15,21,71.4,7,27,34,24,13,11,3,16,15
PHO,PHO @ MIN,7/12/22,L,50,107,37,100,37,15,50,30,18,24,75,21,23,44,27,9,13,9,32,-11
LAS,LAS vs. WAS,7/12/22,L,40,81,29,56,51.8,9,13,69.2,14,21,66.7,3,20,23,16,18,5,3,18,-13
ATL,ATL @ CHI,7/12/22,L,40,75,29,69,42,10,23,43.5,7,10,70,10,23,33,17,17,7,3,20,-15
PHO,PHO vs. NYL,7/7/22,W,40,84,27,66,40.9,9,30,30,21,24,87.5,6,24,30,20,11,11,4,17,3
NYL,NYL @ PHO,7/7/22,L,40,81,30,71,42.3,7,23,30.4,14,16,87.5,11,29,40,20,15,5,5,21,-3
IND,IND vs. CHI,7/7/22,L,40,84,33,82,40.2,9,20,45,9,14,64.3,10,17,27,22,11,7,0,16,-9
LAS,LAS vs. SEA,7/7/22,L,40,69,26,70,37.1,5,19,26.3,12,13,92.3,8,16,24,18,12,7,3,11,-37
SEA,SEA @ LAS,7/7/22,W,40,106,42,65,64.6,8,17,47.1,14,17,82.4,7,29,36,30,12,9,3,12,37
CHI,CHI @ IND,7/7/22,W,40,93,34,62,54.8,5,12,41.7,20,26,76.9,8,33,41,25,17,2,4,15,9
CHI,CHI @ MIN,7/6/22,L,40,78,31,78,39.7,10,33,30.3,6,7,85.7,12,26,38,24,15,7,4,14,-3
NYL,NYL @ LVA,7/6/22,W,40,116,42,73,57.5,18,31,58.1,14,16,87.5,6,29,35,35,9,2,3,19,9
WAS,WAS @ ATL,7/6/22,W,40,85,31,63,49.2,7,20,35,16,23,69.6,4,27,31,13,9,8,3,16,19
ATL,ATL vs. WAS,7/6/22,L,40,66,26,62,41.9,0,12,0,14,17,82.4,3,28,31,15,15,7,0,18,-19
MIN,MIN vs. CHI,7/6/22,W,40,81,30,62,48.4,4,14,28.6,17,20,85,6,26,32,21,17,13,1,12,3
LVA,LVA vs. NYL,7/6/22,L,40,107,34,69,49.3,13,27,48.1,26,30,86.7,6,25,31,22,7,4,1,13,-9
SEA,SEA @ IND,7/5/22,W,40,95,37,76,48.7,6,24,25,15,16,93.8,10,33,43,20,12,8,5,14,22
DAL,DAL vs. CON,7/5/22,W,40,82,32,71,45.1,6,26,23.1,12,17,70.6,11,23,34,19,10,6,6,14,11
CON,CON @ DAL,7/5/22,L,40,71,28,65,43.1,4,20,20,11,14,78.6,4,25,29,20,14,4,4,15,-11
IND,IND vs. SEA,7/5/22,L,40,73,28,73,38.4,7,20,35,10,17,58.8,9,27,36,14,15,6,1,16,-22
PHO,PHO @ LAS,7/4/22,L,40,75,26,57,45.6,8,27,29.6,15,16,93.8,6,24,30,21,22,11,3,25,-3
LAS,LAS vs. PHO,7/4/22,W,40,78,27,60,45,5,14,35.7,19,25,76,7,25,32,18,20,10,0,16,3
SEA,SEA @ ATL,7/3/22,L,40,76,22,63,34.9,9,32,28.1,23,26,88.5,2,28,30,17,14,11,4,16,-14
LVA,LVA @ MIN,7/3/22,L,40,71,25,68,36.8,12,37,32.4,9,11,81.8,1,24,25,17,6,6,4,15,-31
CON,CON vs. WAS,7/3/22,W,45,74,30,69,43.5,6,18,33.3,8,16,50,6,32,38,17,20,11,7,18,2
LAS,LAS vs. NYL,7/3/22,W,40,84,30,64,46.9,6,16,37.5,18,22,81.8,8,29,37,19,16,8,4,13,10
MIN,MIN vs. LVA,7/3/22,W,40,102,37,74,50,12,29,41.4,16,23,69.6,15,38,53,26,10,5,3,12,31
NYL,NYL @ LAS,7/3/22,L,40,74,27,68,39.7,12,33,36.4,8,12,66.7,7,21,28,22,17,7,2,16,-10
ATL,ATL vs. SEA,7/3/22,W,40,90,33,70,47.1,7,18,38.9,17,19,89.5,9,35,44,24,17,7,0,23,14
WAS,WAS @ CON,7/3/22,L,45,72,27,69,39.1,4,21,19,14,20,70,9,28,37,16,19,10,4,16,-2
PHO,PHO @ CHI,7/2/22,L,40,75,27,66,40.9,5,20,25,16,19,84.2,7,20,27,15,18,14,2,24,-16
CHI,CHI vs. PHO,7/2/22,W,40,91,30,57,52.6,10,20,50,21,24,87.5,5,32,37,24,22,6,3,17,16
MIN,MIN vs. LVA,7/1/22,L,40,85,31,68,45.6,11,25,44,12,16,75,6,23,29,19,13,8,3,17,-6
LVA,LVA @ MIN,7/1/22,W,40,91,36,70,51.4,9,24,37.5,10,13,76.9,7,27,34,25,15,8,5,15,6
DAL,DAL vs. LAS,7/1/22,L,40,89,33,66,50,6,19,31.6,17,25,68,3,26,29,19,13,8,2,19,-8
SEA,SEA vs. IND,7/1/22,W,40,73,25,59,42.4,6,22,27.3,17,23,73.9,5,34,39,22,19,11,5,15,16
LAS,LAS @ DAL,7/1/22,W,40,97,37,76,48.7,7,19,36.8,16,19,84.2,5,24,29,24,11,9,3,20,8
IND,IND @ SEA,7/1/22,L,40,57,21,61,34.4,4,17,23.5,11,23,47.8,7,28,35,13,20,11,2,17,-16
NYL,NYL vs. ATL,6/30/22,L,45,81,26,66,39.4,10,31,32.3,19,24,79.2,6,29,35,19,19,7,7,26,-11
ATL,ATL @ NYL,6/30/22,W,45,92,31,81,38.3,9,24,37.5,21,26,80.8,12,29,41,21,15,8,3,25,11
IND,IND @ PHO,6/29/22,L,40,78,27,63,42.9,9,21,42.9,15,21,71.4,10,20,30,18,14,4,3,18,-21
PHO,PHO vs. IND,6/29/22,W,40,99,38,70,54.3,9,24,37.5,14,19,73.7,11,21,32,29,8,7,6,20,21
CHI,CHI vs. CON,6/29/22,W,40,91,32,54,59.3,10,20,50,17,17,100,5,28,33,28,24,3,6,14,8
LVA,LVA @ SEA,6/29/22,L,40,78,29,73,39.7,9,24,37.5,11,12,91.7,11,29,40,23,20,7,1,12,-10
SEA,SEA vs. LVA,6/29/22,W,40,88,31,70,44.3,14,29,48.3,12,14,85.7,5,28,33,24,13,10,6,12,10
CON,CON @ CHI,6/29/22,L,40,83,32,80,40,6,19,31.6,13,16,81.3,15,16,31,22,7,15,3,14,-8
MIN,MIN vs. DAL,6/28/22,W,40,92,34,80,42.5,12,29,41.4,12,17,70.6,17,36,53,22,13,7,6,22,28
WAS,WAS vs. ATL,6/28/22,W,40,92,32,58,55.2,15,25,60,13,18,72.2,6,24,30,24,15,7,3,18,18
ATL,ATL @ WAS,6/28/22,L,40,74,28,66,42.4,5,20,25,13,15,86.7,8,18,26,19,14,9,0,16,-18
DAL,DAL @ MIN,6/28/22,L,40,64,17,59,28.8,5,16,31.3,25,32,78.1,5,25,30,10,10,4,5,14,-28
PHO,PHO vs. IND,6/27/22,W,40,83,26,69,37.7,13,33,39.4,18,20,90,9,21,30,19,10,8,5,22,12
IND,IND @ PHO,6/27/22,L,40,71,24,60,40,7,12,58.3,16,20,80,10,26,36,13,19,4,4,24,-12
LVA,LVA @ LAS,6/27/22,W,40,79,26,61,42.6,8,27,29.6,19,26,73.1,6,31,37,15,14,9,2,16,6
LAS,LAS vs. LVA,6/27/22,L,40,73,28,73,38.4,7,23,30.4,10,15,66.7,11,29,40,23,13,4,3,21,-6
MIN,MIN @ CHI,6/26/22,L,40,85,33,56,58.9,6,16,37.5,13,17,76.5,3,25,28,23,18,4,4,16,-3
CON,CON @ ATL,6/26/22,W,40,72,27,65,41.5,2,20,10,16,19,84.2,10,30,40,18,21,8,2,19,11
ATL,ATL vs. CON,6/26/22,L,40,61,21,63,33.3,5,19,26.3,14,18,77.8,6,23,29,17,18,10,5,21,-11
CHI,CHI vs. MIN,6/26/22,W,40,88,33,65,50.8,8,18,44.4,14,17,82.4,6,20,26,25,15,7,2,16,3
PHO,PHO @ DAL,6/25/22,W,40,83,29,69,42,6,26,23.1,19,24,79.2,7,31,38,16,10,7,4,25,11
WAS,WAS @ LVA,6/25/22,W,45,87,32,68,47.1,11,30,36.7,12,16,75,3,39,42,24,20,10,8,21,1
DAL,DAL vs. PHO,6/25/22,L,40,72,29,67,43.3,4,21,19,10,21,47.6,6,32,38,21,16,3,4,24,-11
LVA,LVA vs. WAS,6/25/22,L,45,86,31,81,38.3,10,24,41.7,14,16,87.5,8,30,38,14,15,17,4,21,-1
LAS,LAS @ SEA,6/25/22,W,40,85,34,72,47.2,8,20,40,9,13,69.2,10,31,41,26,16,7,1,17,8
SEA,SEA vs. LAS,6/25/22,L,40,77,26,63,41.3,8,27,29.6,17,22,77.3,5,21,26,21,14,9,6,16,-8
ATL,ATL vs. NYL,6/24/22,L,40,77,26,71,36.6,7,17,41.2,18,20,90,9,22,31,13,11,8,5,14,-12
NYL,NYL @ ATL,6/24/22,W,40,89,32,68,47.1,16,35,45.7,9,15,60,9,30,39,23,17,5,3,17,12
SEA,SEA vs. WAS,6/23/22,W,40,85,31,68,45.6,12,26,46.2,11,12,91.7,5,31,36,25,8,5,4,10,14
WAS,WAS @ SEA,6/23/22,L,40,71,26,70,37.1,9,30,30,10,12,83.3,11,32,43,19,12,4,2,12,-14
PHO,PHO @ MIN,6/23/22,L,40,88,27,58,46.6,9,28,32.1,25,30,83.3,2,21,23,16,12,7,4,22,-12
MIN,MIN vs. PHO,6/23/22,W,40,100,34,67,50.7,8,23,34.8,24,29,82.8,11,31,42,25,16,6,0,20,12
CHI,CHI @ LAS,6/23/22,W,40,82,32,70,45.7,7,23,30.4,11,11,100,6,43,49,26,14,6,4,11,23
LAS,LAS vs. CHI,6/23/22,L,40,59,26,79,32.9,3,18,16.7,4,8,50,7,27,34,18,9,7,2,13,-23
DAL,DAL vs. IND,6/23/22,W,40,94,34,68,50,11,23,47.8,15,19,78.9,8,27,35,20,14,13,5,16,26
IND,IND @ DAL,6/23/22,L,40,68,25,63,39.7,6,17,35.3,12,16,75,10,23,33,13,19,4,2,17,-26
CON,CON vs. NYL,6/22/22,L,40,77,31,74,41.9,5,15,33.3,10,12,83.3,8,26,34,16,11,4,2,12,-4
NYL,NYL @ CON,6/22/22,W,40,81,31,69,44.9,13,32,40.6,6,8,75,5,28,33,25,12,2,6,14,4
CHI,CHI @ LVA,6/21/22,W,40,104,43,75,57.3,12,25,48,6,7,85.7,0,33,33,34,9,6,3,14,9
DAL,DAL @ ATL,6/21/22,L,40,75,25,66,37.9,6,25,24,19,26,73.1,11,20,31,18,16,10,2,22,-5
PHO,PHO vs. MIN,6/21/22,L,40,71,23,58,39.7,10,30,33.3,15,22,68.2,4,28,32,15,17,6,2,19,-13
LVA,LVA vs. CHI,6/21/22,L,40,95,33,75,44,13,31,41.9,16,19,84.2,6,29,35,23,9,8,4,6,-9
MIN,MIN @ PHO,6/21/22,W,40,84,28,64,43.8,10,25,40,18,20,90,8,28,36,24,12,8,0,19,13
LAS,LAS vs. WAS,6/21/22,W,40,84,33,67,49.3,6,14,42.9,12,17,70.6,9,25,34,21,17,11,5,19,2
ATL,ATL vs. DAL,6/21/22,W,40,80,29,64,45.3,10,22,45.5,12,15,80,10,25,35,18,22,5,4,19,5
WAS,WAS @ LAS,6/21/22,L,40,82,29,70,41.4,11,23,47.8,13,18,72.2,14,18,32,23,17,10,3,16,-2
LVA,LVA vs. MIN,6/19/22,W,40,96,35,78,44.9,9,25,36,17,20,85,7,26,33,23,6,7,3,10,1
SEA,SEA @ NYL,6/19/22,W,40,81,32,75,42.7,10,27,37,7,8,87.5,5,33,38,21,10,6,4,11,9
LAS,LAS @ DAL,6/19/22,L,40,82,28,69,40.6,5,20,25,21,28,75,10,32,42,17,17,10,5,21,-10
WAS,WAS vs. CON,6/19/22,W,40,71,27,65,41.5,6,19,31.6,11,17,64.7,5,25,30,21,10,8,6,15,8
NYL,NYL vs. SEA,6/19/22,L,40,72,30,75,40,10,27,37,2,5,40,8,35,43,20,14,5,4,15,-9
DAL,DAL vs. LAS,6/19/22,W,40,92,32,71,45.1,13,29,44.8,15,22,68.2,8,31,39,20,14,9,5,25,10
IND,IND vs. CHI,6/19/22,W,40,89,35,69,50.7,2,8,25,17,25,68,9,30,39,19,15,7,6,18,2
MIN,MIN @ LVA,6/19/22,L,40,95,39,81,48.1,11,32,34.4,6,7,85.7,11,34,45,26,12,2,4,16,-1
CHI,CHI @ IND,6/19/22,L,40,87,33,70,47.1,9,20,45,12,16,75,5,22,27,21,14,8,5,22,-2
CON,CON @ WAS,6/19/22,L,40,63,22,60,36.7,6,19,31.6,13,18,72.2,11,32,43,15,17,6,3,14,-8
CON,CON vs. SEA,6/17/22,W,40,82,36,69,52.2,5,20,25,5,8,62.5,6,34,40,25,15,8,5,14,11
PHO,PHO @ DAL,6/17/22,L,40,88,31,65,47.7,8,22,36.4,18,22,81.8,5,19,24,22,14,6,4,23,-5
CHI,CHI vs. ATL,6/17/22,W,45,106,35,75,46.7,14,25,56,22,25,88,11,36,47,24,17,9,7,22,6
SEA,SEA @ CON,6/17/22,L,40,71,28,66,42.4,11,22,50,4,8,50,4,22,26,22,14,6,2,13,-11
ATL,ATL @ CHI,6/17/22,L,45,100,39,87,44.8,8,22,36.4,14,21,66.7,14,25,39,23,15,9,9,18,-6
DAL,DAL vs. PHO,6/17/22,W,40,93,33,68,48.5,12,25,48,15,19,78.9,9,22,31,18,14,4,6,20,5
NYL,NYL vs. WAS,6/16/22,W,40,77,31,69,44.9,6,31,19.4,9,13,69.2,5,33,38,21,11,9,3,14,12
WAS,WAS @ NYL,6/16/22,L,40,65,24,65,36.9,8,29,27.6,9,14,64.3,5,32,37,14,13,6,4,14,-12
ATL,ATL @ CON,6/15/22,L,40,92,35,76,46.1,12,29,41.4,10,16,62.5,13,24,37,18,16,9,5,19,-13
IND,IND vs. PHO,6/15/22,L,40,80,29,78,37.2,6,21,28.6,16,18,88.9,16,23,39,19,14,7,4,19,-13
LVA,LVA @ DAL,6/15/22,W,40,92,35,71,49.3,6,22,27.3,16,23,69.6,4,29,33,17,8,5,6,12,8
DAL,DAL vs. LVA,6/15/22,L,40,84,29,73,39.7,10,29,34.5,16,19,84.2,11,29,40,20,11,2,3,20,-8
CON,CON vs. ATL,6/15/22,W,40,105,40,77,51.9,14,26,53.8,11,15,73.3,7,26,33,30,11,8,4,17,13
PHO,PHO @ IND,6/15/22,W,40,93,34,67,50.7,8,26,30.8,17,18,94.4,5,28,33,24,12,6,9,20,13
PHO,PHO @ WAS,6/14/22,L,40,65,24,62,38.7,10,26,38.5,7,16,43.8,4,31,35,21,16,7,6,17,-18
SEA,SEA @ MIN,6/14/22,W,40,81,28,73,38.4,12,27,44.4,13,15,86.7,15,20,35,24,14,5,2,14,2
WAS,WAS vs. PHO,6/14/22,W,40,83,30,71,42.3,11,28,39.3,12,13,92.3,4,32,36,23,10,7,4,14,18
MIN,MIN vs. SEA,6/14/22,L,40,79,35,68,51.5,6,19,31.6,3,3,100,6,27,33,27,16,5,1,15,-2
CHI,CHI @ NYL,6/12/22,W,40,88,35,76,46.1,6,18,33.3,12,14,85.7,12,29,41,28,13,4,6,18,2
IND,IND @ MIN,6/12/22,W,40,84,33,70,47.1,10,23,43.5,8,12,66.7,8,22,30,25,11,5,9,18,4
WAS,WAS vs. PHO,6/12/22,L,45,90,30,75,40,8,29,27.6,22,34,64.7,14,28,42,23,20,8,1,19,-9
SEA,SEA @ DAL,6/12/22,W,40,84,29,62,46.8,10,23,43.5,16,18,88.9,5,18,23,23,10,12,6,13,5
NYL,NYL vs. CHI,6/12/22,L,40,86,32,66,48.5,11,23,47.8,11,12,91.7,2,24,26,22,14,4,6,18,-2
DAL,DAL vs. SEA,6/12/22,L,40,79,31,69,44.9,6,17,35.3,11,13,84.6,14,25,39,18,19,7,4,17,-5
PHO,PHO @ WAS,6/12/22,W,45,99,36,70,51.4,10,32,31.3,17,21,81,4,26,30,21,17,10,3,28,9
MIN,MIN vs. IND,6/12/22,L,40,80,32,71,45.1,5,21,23.8,11,16,68.8,9,27,36,23,12,6,1,13,-4
LVA,LVA @ LAS,6/11/22,W,40,89,33,68,48.5,7,24,29.2,16,17,94.1,6,35,41,19,19,11,7,13,17
LAS,LAS vs. LVA,6/11/22,L,40,72,26,71,36.6,7,22,31.8,13,14,92.9,5,25,30,18,13,7,8,20,-17
PHO,PHO vs. ATL,6/10/22,W,40,90,28,67,41.8,10,31,32.3,24,28,85.7,7,31,38,19,9,1,6,14,2
ATL,ATL @ PHO,6/10/22,L,40,88,35,79,44.3,10,24,41.7,8,9,88.9,6,30,36,16,5,6,4,19,-2
CON,CON vs. CHI,6/10/22,L,40,79,35,76,46.1,4,12,33.3,5,9,55.6,9,26,35,20,10,4,1,17,-4
CHI,CHI @ CON,6/10/22,W,40,83,31,61,50.8,6,14,42.9,15,17,88.2,4,25,29,25,13,8,4,17,4
WAS,WAS @ MIN,6/10/22,W,40,76,30,69,43.5,10,30,33.3,6,9,66.7,9,30,39,18,11,6,1,20,17
IND,IND vs. NYL,6/10/22,L,40,83,31,75,41.3,4,14,28.6,17,21,81,10,19,29,19,5,5,0,13,-14
SEA,SEA @ DAL,6/10/22,W,40,89,37,67,55.2,7,17,41.2,8,13,61.5,8,26,34,28,18,7,2,18,1
MIN,MIN vs. WAS,6/10/22,L,40,59,19,58,32.8,6,21,28.6,15,22,68.2,4,28,32,15,17,2,1,13,-17
NYL,NYL @ IND,6/10/22,W,40,97,38,65,58.5,13,28,46.4,8,8,100,4,29,33,31,15,2,2,14,14
DAL,DAL vs. SEA,6/10/22,L,40,88,30,68,44.1,7,17,41.2,21,22,95.5,5,21,26,20,14,9,2,17,-1
WAS,WAS vs. CHI,6/8/22,W,40,84,32,68,47.1,3,16,18.8,17,20,85,13,21,34,19,13,7,3,16,2
CHI,CHI @ WAS,6/8/22,L,40,82,33,72,45.8,6,21,28.6,10,11,90.9,10,21,31,20,14,8,5,17,-2
CON,CON vs. IND,6/8/22,W,40,88,31,66,47,5,17,29.4,21,27,77.8,11,30,41,19,17,9,5,16,19
IND,IND @ CON,6/8/22,L,40,69,27,72,37.5,3,21,14.3,12,14,85.7,9,20,29,20,16,8,2,22,-19
SEA,SEA vs. ATL,6/7/22,W,40,72,25,61,41,8,27,29.6,14,15,93.3,6,25,31,18,19,7,9,13,12
ATL,ATL @ SEA,6/7/22,L,40,60,25,69,36.2,2,19,10.5,8,13,61.5,9,28,37,15,18,12,2,19,-12
NYL,NYL vs. MIN,6/7/22,W,40,88,32,69,46.4,12,33,36.4,12,15,80,9,26,35,21,14,5,5,14,19
MIN,MIN @ NYL,6/7/22,L,40,69,22,67,32.8,3,22,13.6,22,26,84.6,13,23,36,17,14,11,1,20,-19
LVA,LVA vs. DAL,6/5/22,W,40,84,30,71,42.3,7,28,25,17,21,81,5,30,35,19,10,8,4,19,6
PHO,PHO vs. LAS,6/5/22,W,40,81,27,59,45.8,9,24,37.5,18,20,90,4,20,24,17,17,8,4,19,7
IND,IND @ ATL,6/5/22,L,40,66,23,66,34.8,6,23,26.1,14,23,60.9,7,25,32,17,21,10,3,19,-9
MIN,MIN @ NYL,6/5/22,W,40,84,31,63,49.2,7,13,53.8,15,20,75,7,29,36,15,15,4,3,18,7
CON,CON @ SEA,6/5/22,W,40,93,32,58,55.2,6,16,37.5,23,30,76.7,6,30,36,27,16,11,2,19,7
WAS,WAS @ CHI,6/5/22,L,40,82,34,75,45.3,8,23,34.8,6,6,100,11,24,35,22,17,9,1,14,-9
SEA,SEA vs. CON,6/5/22,L,40,86,34,70,48.6,9,26,34.6,9,13,69.2,7,19,26,29,14,7,4,21,-7
ATL,ATL vs. IND,6/5/22,W,40,75,29,67,43.3,4,15,26.7,13,15,86.7,6,31,37,14,24,13,2,23,9
LAS,LAS @ PHO,6/5/22,L,40,74,29,59,49.2,5,16,31.3,11,16,68.8,5,23,28,19,19,5,5,18,-7
NYL,NYL vs. MIN,6/5/22,L,40,77,32,71,45.1,4,30,13.3,9,13,69.2,8,26,34,17,11,9,4,17,-7
DAL,DAL @ LVA,6/5/22,L,40,78,27,78,34.6,11,42,26.2,13,14,92.9,19,31,50,18,19,2,2,23,-6
CHI,CHI vs. WAS,6/5/22,W,40,91,36,65,55.4,9,20,45,10,14,71.4,5,27,32,29,17,11,1,13,9
ATL,ATL vs. CHI,6/3/22,L,40,65,26,75,34.7,6,23,26.1,7,8,87.5,9,25,34,15,12,5,5,18,-8
SEA,SEA vs. DAL,6/3/22,L,40,51,20,63,31.7,5,29,17.2,6,8,75,8,23,31,17,16,6,7,16,-17
DAL,DAL @ SEA,6/3/22,W,40,68,26,66,39.4,9,27,33.3,7,11,63.6,11,31,42,18,19,9,2,14,17
CHI,CHI @ ATL,6/3/22,W,40,73,26,61,42.6,5,19,26.3,16,20,80,5,30,35,19,16,4,9,14,8
WAS,WAS vs. NYL,6/3/22,L,40,70,28,70,40,5,21,23.8,9,14,64.3,11,28,39,16,15,6,2,15,-4
PHO,PHO vs. CON,6/3/22,L,40,88,28,62,45.2,10,31,32.3,22,23,95.7,4,19,23,22,20,13,3,27,-4
CON,CON @ PHO,6/3/22,W,40,92,28,59,47.5,9,21,42.9,27,30,90,9,26,35,21,23,10,3,21,4
NYL,NYL @ WAS,6/3/22,W,40,74,23,63,36.5,11,34,32.4,17,18,94.4,7,27,34,15,12,10,5,16,4
CON,CON @ LVA,6/2/22,W,40,97,36,72,50,9,21,42.9,16,19,84.2,6,31,37,23,10,7,1,19,7
LVA,LVA vs. CON,6/2/22,L,40,90,32,66,48.5,10,25,40,16,22,72.7,3,28,31,20,14,5,4,19,-7
ATL,ATL vs. MIN,6/1/22,W,40,84,33,77,42.9,12,28,42.9,6,12,50,7,23,30,21,14,17,4,19,8
IND,IND @ NYL,6/1/22,L,40,74,25,76,32.9,9,26,34.6,15,15,100,11,22,33,18,8,6,4,18,-13
MIN,MIN @ ATL,6/1/22,L,40,76,27,60,45,7,21,33.3,15,20,75,7,32,39,16,26,6,2,17,-8
NYL,NYL vs. IND,6/1/22,W,40,87,28,62,45.2,11,33,33.3,20,24,83.3,8,31,39,18,12,2,9,16,13
LVA,LVA vs. CON,5/31/22,W,40,89,33,73,45.2,6,25,24,17,20,85,6,32,38,20,14,9,4,14,8
IND,IND vs. WAS,5/31/22,L,40,75,30,74,40.5,9,22,40.9,6,9,66.7,10,22,32,20,14,6,5,16,-12
WAS,WAS @ IND,5/31/22,W,40,87,33,72,45.8,8,24,33.3,13,16,81.3,13,31,44,24,16,6,9,7,12
LAS,LAS vs. DAL,5/31/22,W,40,93,36,56,64.3,3,8,37.5,18,25,72,2,27,29,23,15,7,4,20,2
PHO,PHO @ CHI,5/31/22,L,40,70,28,70,40,8,25,32,6,11,54.5,6,26,32,21,10,4,7,16,-3
DAL,DAL @ LAS,5/31/22,L,40,91,33,74,44.6,11,27,40.7,14,22,63.6,12,23,35,17,12,10,0,24,-2
CON,CON @ LVA,5/31/22,L,40,81,34,78,43.6,6,22,27.3,7,12,58.3,10,27,37,18,14,7,3,17,-8
CHI,CHI vs. PHO,5/31/22,W,40,73,27,66,40.9,5,19,26.3,14,17,82.4,6,35,41,18,14,6,3,15,3
PHO,PHO @ ATL,5/29/22,L,40,54,18,68,26.5,3,19,15.8,15,21,71.4,10,19,29,9,15,13,7,15,-27
SEA,SEA vs. NYL,5/29/22,W,40,92,36,73,49.3,13,24,54.2,7,7,100,9,31,40,24,11,13,3,15,31
MIN,MIN vs. LAS,5/29/22,L,40,83,22,52,42.3,4,17,23.5,35,43,81.4,6,19,25,12,13,8,5,21,-2
LAS,LAS @ MIN,5/29/22,W,40,85,29,56,51.8,5,14,35.7,22,27,81.5,5,20,25,18,17,7,3,25,2
ATL,ATL vs. PHO,5/29/22,W,40,81,34,70,48.6,9,24,37.5,4,6,66.7,10,37,47,25,23,9,2,19,27
NYL,NYL @ SEA,5/29/22,L,40,61,22,65,33.8,7,27,25.9,10,11,90.9,7,25,32,20,18,8,3,10,-31
LVA,LVA @ CHI,5/28/22,W,40,83,31,84,36.9,4,20,20,17,23,73.9,14,36,50,20,8,6,5,13,7
CON,CON vs. WAS,5/28/22,W,40,79,28,57,49.1,7,15,46.7,16,19,84.2,10,31,41,20,23,5,4,17,8
CHI,CHI vs. LVA,5/28/22,L,40,76,28,81,34.6,5,31,16.1,15,17,88.2,12,38,50,16,12,4,10,20,-7
WAS,WAS @ CON,5/28/22,L,40,71,28,70,40,8,26,30.8,7,11,63.6,7,12,19,20,9,11,2,21,-8
SEA,SEA vs. NYL,5/27/22,W,45,79,25,72,34.7,7,24,29.2,22,27,81.5,9,29,38,16,11,13,4,15,8
LAS,LAS @ IND,5/27/22,L,40,96,35,71,49.3,7,14,50,19,28,67.9,12,23,35,24,13,8,5,20,-5
IND,IND vs. LAS,5/27/22,W,40,101,32,70,45.7,11,21,52.4,26,29,89.7,10,24,34,23,14,8,7,24,5
NYL,NYL @ SEA,5/27/22,L,45,71,24,70,34.3,9,32,28.1,14,14,100,14,35,49,19,24,5,6,27,-8
CON,CON vs. DAL,5/26/22,W,40,99,34,70,48.6,6,21,28.6,25,27,92.6,16,26,42,24,13,12,2,13,31
DAL,DAL @ CON,5/26/22,L,40,68,24,65,36.9,10,30,33.3,10,12,83.3,10,18,28,16,19,7,1,20,-31
LAS,LAS vs. PHO,5/25/22,W,40,99,39,66,59.1,8,11,72.7,13,17,76.5,5,19,24,24,15,10,4,15,5
PHO,PHO @ LAS,5/25/22,L,40,94,34,60,56.7,7,20,35,19,23,82.6,7,19,26,21,18,10,5,17,-5
CHI,CHI vs. IND,5/24/22,W,40,95,31,65,47.7,6,15,40,27,35,77.1,11,27,38,23,16,10,6,18,5
NYL,NYL @ MIN,5/24/22,L,40,78,28,71,39.4,9,32,28.1,13,18,72.2,9,30,39,24,13,4,6,20,-6
IND,IND @ CHI,5/24/22,L,40,90,34,82,41.5,9,20,45,13,18,72.2,15,25,40,21,16,10,7,25,-5
DAL,DAL @ CON,5/24/22,W,40,85,28,70,40,7,22,31.8,22,24,91.7,13,24,37,17,10,3,5,24,8
WAS,WAS vs. ATL,5/24/22,W,40,70,26,60,43.3,7,22,31.8,11,15,73.3,6,24,30,19,14,11,7,17,20
ATL,ATL @ WAS,5/24/22,L,40,50,20,56,35.7,4,21,19,6,8,75,9,27,36,12,25,8,4,18,-20
MIN,MIN vs. NYL,5/24/22,W,40,84,26,70,37.1,5,14,35.7,27,33,81.8,12,33,45,17,10,7,3,16,6
CON,CON vs. DAL,5/24/22,L,40,77,27,68,39.7,3,13,23.1,20,24,83.3,11,22,33,24,12,3,3,19,-8
LVA,LVA vs. LAS,5/23/22,W,40,104,36,71,50.7,18,38,47.4,14,16,87.5,4,38,42,27,7,2,2,15,28
LAS,LAS @ LVA,5/23/22,L,40,76,30,75,40,5,23,21.7,11,14,78.6,6,26,32,17,6,3,5,16,-28
CON,CON @ IND,5/22/22,W,40,92,35,68,51.5,6,13,46.2,16,20,80,11,22,33,23,14,7,2,25,22
IND,IND vs. CON,5/22/22,L,40,70,22,63,34.9,3,17,17.6,23,27,85.2,12,17,29,16,15,6,1,24,-22
CHI,CHI @ WAS,5/22/22,W,40,82,34,63,54,5,20,25,9,12,75,5,32,37,23,15,8,4,16,9
WAS,WAS vs. CHI,5/22/22,L,40,73,27,72,37.5,9,21,42.9,10,11,90.9,8,21,29,21,13,10,4,12,-9
PHO,PHO @ LVA,5/21/22,L,40,80,29,70,41.4,9,29,31,13,20,65,10,23,33,16,15,3,6,25,-20
MIN,MIN @ DAL,5/21/22,L,40,78,27,61,44.3,5,11,45.5,19,24,79.2,4,20,24,20,15,7,7,14,-16
LVA,LVA vs. PHO,5/21/22,W,40,100,34,71,47.9,9,27,33.3,23,30,76.7,9,26,35,18,10,10,5,22,20
DAL,DAL vs. MIN,5/21/22,W,40,94,34,73,46.6,9,27,33.3,17,20,85,15,24,39,20,15,7,5,26,16
SEA,SEA vs. LAS,5/20/22,W,40,83,29,69,42,8,28,28.6,17,21,81,8,24,32,27,12,9,3,18,3
ATL,ATL vs. WAS,5/20/22,L,40,73,27,66,40.9,8,24,33.3,11,14,78.6,8,18,26,16,15,9,1,26,-5
CON,CON vs. IND,5/20/22,W,40,94,31,71,43.7,11,19,57.9,21,29,72.4,11,20,31,19,17,11,2,18,9
LAS,LAS @ SEA,5/20/22,L,40,80,32,61,52.5,3,14,21.4,13,17,76.5,5,26,31,16,16,6,7,21,-3
IND,IND @ CON,5/20/22,L,40,85,34,63,54,6,15,40,11,13,84.6,3,22,25,14,21,7,2,27,-9
WAS,WAS @ ATL,5/20/22,W,40,78,25,55,45.5,3,18,16.7,25,31,80.6,6,27,33,19,18,9,3,18,5
PHO,PHO vs. DAL,5/19/22,L,40,84,29,73,39.7,5,24,20.8,21,23,91.3,7,26,33,15,5,3,3,18,-10
DAL,DAL @ PHO,5/19/22,W,40,94,34,72,47.2,11,25,44,15,17,88.2,7,31,38,25,9,3,8,20,10
LVA,LVA vs. MIN,5/19/22,W,40,93,31,67,46.3,9,27,33.3,22,29,75.9,10,22,32,22,11,8,1,15,6
MIN,MIN @ LVA,5/19/22,L,40,87,31,68,45.6,6,21,28.6,19,22,86.4,8,28,36,21,12,5,5,21,-6
CHI,CHI @ SEA,5/18/22,L,40,71,30,65,46.2,6,17,35.3,5,7,71.4,8,22,30,26,19,7,1,15,-3
SEA,SEA vs. CHI,5/18/22,W,40,74,29,70,41.4,8,28,28.6,8,14,57.1,12,23,35,26,17,10,3,14,3
CON,CON @ NYL,5/17/22,W,40,92,30,62,48.4,7,15,46.7,25,28,89.3,5,21,26,16,18,16,2,21,27
ATL,ATL @ IND,5/17/22,W,40,101,34,63,54,10,22,45.5,23,26,88.5,4,31,35,19,15,8,2,26,22
IND,IND vs. ATL,5/17/22,L,40,79,30,80,37.5,6,30,20,13,19,68.4,15,21,36,22,12,6,6,22,-22
PHO,PHO @ LVA,5/17/22,L,40,74,26,60,43.3,8,25,32,14,15,93.3,3,28,31,19,18,4,2,25,-12
DAL,DAL vs. WAS,5/17/22,L,40,68,25,61,41,7,21,33.3,11,16,68.8,4,23,27,16,16,6,2,12,-16
LAS,LAS vs. MIN,5/17/22,L,40,84,32,67,47.8,8,20,40,12,17,70.6,7,19,26,23,14,10,6,20,-3
MIN,MIN @ LAS,5/17/22,W,40,87,31,64,48.4,9,17,52.9,16,19,84.2,13,27,40,19,19,9,2,21,3
NYL,NYL vs. CON,5/17/22,L,40,65,22,52,42.3,7,22,31.8,14,18,77.8,5,23,28,13,32,9,2,22,-27
LVA,LVA vs. PHO,5/17/22,W,40,86,29,62,46.8,9,23,39.1,19,26,73.1,3,26,29,19,10,6,3,20,12
WAS,WAS @ DAL,5/17/22,W,40,84,34,66,51.5,8,16,50,8,11,72.7,7,30,37,23,13,10,2,17,16
NYL,NYL vs. DAL,5/15/22,L,40,71,29,60,48.3,7,22,31.8,6,11,54.5,4,24,28,18,18,7,4,20,-10
DAL,DAL @ NYL,5/15/22,W,40,81,28,63,44.4,9,20,45,16,20,80,8,25,33,16,15,6,2,19,10
IND,IND vs. ATL,5/15/22,L,40,79,28,68,41.2,11,23,47.8,12,19,63.2,8,21,29,19,17,4,2,23,-6
ATL,ATL @ IND,5/15/22,W,40,85,28,57,49.1,6,17,35.3,23,30,76.7,4,28,32,12,20,8,3,23,6
PHO,PHO @ SEA,5/14/22,W,40,69,26,69,37.7,12,32,37.5,5,8,62.5,7,35,42,19,16,6,2,14,5
MIN,MIN vs. CHI,5/14/22,L,40,78,29,59,49.2,6,16,37.5,14,23,60.9,9,28,37,23,15,2,3,21,-4
SEA,SEA vs. PHO,5/14/22,L,40,64,24,77,31.2,8,31,25.8,8,10,80,14,25,39,12,10,8,8,11,-5
LAS,LAS @ CON,5/14/22,L,40,60,19,54,35.2,3,12,25,19,22,86.4,8,13,21,11,20,11,2,23,-17
CHI,CHI @ MIN,5/14/22,W,40,82,28,69,40.6,8,24,33.3,18,20,90,8,20,28,23,7,9,4,20,4
CON,CON vs. LAS,5/14/22,W,40,77,28,70,40,5,20,25,16,21,76.2,19,26,45,17,20,14,2,23,17
LVA,LVA @ ATL,5/13/22,W,40,96,32,68,47.1,16,35,45.7,16,19,84.2,6,25,31,24,13,11,8,16,23
IND,IND @ NYL,5/13/22,W,45,92,31,81,38.3,7,22,31.8,23,29,79.3,16,41,57,12,21,9,5,23,6
DAL,DAL @ WAS,5/13/22,W,40,94,31,65,47.7,13,29,44.8,19,23,82.6,9,20,29,22,11,8,3,20,8
ATL,ATL vs. LVA,5/13/22,L,40,73,28,65,43.1,8,17,47.1,9,14,64.3,7,29,36,16,21,5,6,19,-23
WAS,WAS vs. DAL,5/13/22,L,40,86,31,59,52.5,13,25,52,11,17,64.7,7,25,32,23,21,6,3,19,-8
NYL,NYL vs. IND,5/13/22,L,45,86,29,80,36.3,10,25,40,18,21,85.7,5,28,33,17,17,12,4,22,-6
CHI,CHI vs. NYL,5/11/22,W,40,83,31,68,45.6,10,22,45.5,11,13,84.6,7,29,36,20,8,5,6,14,33
SEA,SEA @ PHO,5/11/22,L,40,77,27,71,38,11,28,39.3,12,16,75,9,20,29,20,16,10,3,21,-20
ATL,ATL vs. LAS,5/11/22,W,40,77,24,69,34.8,13,30,43.3,16,19,84.2,7,32,39,14,14,3,1,20,2
LAS,LAS @ ATL,5/11/22,L,40,75,25,72,34.7,6,19,31.6,19,23,82.6,9,27,36,16,8,5,8,16,-2
NYL,NYL @ CHI,5/11/22,L,40,50,20,60,33.3,2,15,13.3,8,9,88.9,6,25,31,16,15,3,5,14,-33
PHO,PHO vs. SEA,5/11/22,W,40,97,36,63,57.1,12,21,57.1,13,17,76.5,5,32,37,26,18,6,3,22,20
IND,IND vs. MIN,5/10/22,W,40,82,31,70,44.3,9,20,45,11,15,73.3,9,25,34,23,18,12,7,14,6
WAS,WAS vs. LVA,5/10/22,W,40,89,33,74,44.6,9,27,33.3,14,17,82.4,8,30,38,21,9,10,7,18,13
MIN,MIN @ IND,5/10/22,L,40,76,32,77,41.6,4,19,21.1,8,14,57.1,15,25,40,23,19,8,3,16,-6
LVA,LVA @ WAS,5/10/22,L,40,76,27,65,41.5,6,17,35.3,16,18,88.9,5,29,34,16,16,4,7,16,-13
IND,IND vs. LAS,5/8/22,L,40,77,29,78,37.2,10,26,38.5,9,14,64.3,12,21,33,20,19,11,6,22,-10
WAS,WAS @ MIN,5/8/22,W,40,78,29,69,42,7,21,33.3,13,13,100,8,30,38,21,16,5,1,21,12
SEA,SEA @ LVA,5/8/22,L,40,74,27,76,35.5,11,34,32.4,9,11,81.8,7,23,30,17,11,6,8,19,-11
LVA,LVA vs. SEA,5/8/22,W,40,85,30,67,44.8,7,18,38.9,18,22,81.8,7,38,45,18,16,5,10,21,11
MIN,MIN vs. WAS,5/8/22,L,40,66,23,66,34.8,5,15,33.3,15,22,68.2,10,26,36,17,17,6,8,18,-12
LAS,LAS @ IND,5/8/22,W,40,87,34,71,47.9,1,10,10,18,20,90,11,30,41,18,21,15,5,16,10
DAL,DAL vs. ATL,5/7/22,L,40,59,17,70,24.3,4,19,21.1,21,27,77.8,11,28,39,9,19,12,7,19,-7
CON,CON @ NYL,5/7/22,L,40,79,27,64,42.2,4,17,23.5,21,28,75,11,23,34,16,16,10,6,19,-2
NYL,NYL vs. CON,5/7/22,W,40,81,28,59,47.5,10,25,40,15,21,71.4,7,20,27,17,17,9,4,25,2
ATL,ATL @ DAL,5/7/22,W,40,66,20,63,31.7,7,27,25.9,19,22,86.4,9,38,47,11,24,10,9,24,7
LVA,LVA @ PHO,5/6/22,W,40,106,39,67,58.2,11,21,52.4,17,18,94.4,5,33,38,27,16,2,5,23,18
IND,IND @ WAS,5/6/22,L,40,70,30,72,41.7,5,22,22.7,5,8,62.5,12,30,42,17,18,3,4,20,-14
CHI,CHI vs. LAS,5/6/22,L,45,91,36,70,51.4,7,22,31.8,12,15,80,6,25,31,28,25,11,2,22,-7
PHO,PHO vs. LVA,5/6/22,L,40,88,33,73,45.2,6,24,25,16,19,84.2,6,20,26,20,10,6,2,16,-18
SEA,SEA vs. MIN,5/6/22,W,40,97,35,66,53,12,25,48,15,15,100,4,25,29,26,14,14,8,17,23
LAS,LAS @ CHI,5/6/22,W,45,98,32,65,49.2,7,19,36.8,27,33,81.8,8,28,36,20,22,19,4,20,7
WAS,WAS vs. IND,5/6/22,W,40,84,31,69,44.9,4,18,22.2,18,20,90,6,25,31,20,8,4,5,12,14
MIN,MIN @ SEA,5/6/22,L,40,74,31,79,39.2,4,21,19,8,11,72.7,13,24,37,23,17,9,3,17,-23